{
  "n_estimators": 700,
  "learning_rate": 0.05898602410432694,
  "num_leaves": 26,
  "max_depth": 9,
  "min_child_samples": 21,
  "subsample": 0.6260206371941118,
  "colsample_bytree": 0.9795542149013333,
  "reg_alpha": 4.905556676028766,
  "reg_lambda": 0.1886149587855396
}